second,fps,mspf
0,1441,0.693963
1,1569,0.637349
2,1564,0.639386
3,1571,0.636537
4,1567,0.638162
5,1306,0.765697
6,972,1.02881
7,844,1.18483
8,897,1.11483
9,949,1.05374
10,1025,0.97561
11,1322,0.75643
12,1121,0.892061
13,1541,0.648929
14,1541,0.648929
15,1562,0.640205
16,1541,0.648929
17,1542,0.648508
18,1547,0.646412
19,1551,0.644745
20,1551,0.644745
21,1577,0.634115
